train_noise,eval_noise,seed,trajectory_length,unique_states,TRR_within,TRR_across_episodes,CTRR
0.0,0.0,0,140,7,0.95,0.95,0.0
0.0,0.3,0,348,16,0.9540229885057471,0.9024390243902439,0.0
0.0,0.7,0,634,15,0.9763406940063092,0.9238578680203046,0.0
0.0,0.0,1,140,7,0.95,0.95,0.5
0.0,0.3,1,140,8,0.9428571428571428,0.9428571428571428,0.43333333333333335
0.0,0.7,1,140,8,0.9428571428571428,0.9428571428571428,0.7
0.0,0.0,2,660,6,0.990909090909091,0.95,0.0
0.0,0.3,2,228,14,0.9385964912280702,0.9054054054054054,0.0
0.0,0.7,2,426,15,0.9647887323943662,0.9184782608695652,0.0
0.3,0.0,0,660,6,0.990909090909091,0.95,0.0
0.3,0.3,0,660,6,0.990909090909091,0.95,0.0
0.3,0.7,0,660,6,0.990909090909091,0.95,0.0
0.3,0.0,1,660,6,0.990909090909091,0.95,0.5
0.3,0.3,1,181,7,0.9613259668508287,0.95,0.43333333333333335
0.3,0.7,1,148,7,0.9527027027027027,0.95,0.5333333333333333
0.3,0.0,2,140,7,0.95,0.95,0.0
0.3,0.3,2,140,7,0.95,0.95,0.23333333333333334
0.3,0.7,2,140,7,0.95,0.95,0.5
0.7,0.0,0,660,6,0.990909090909091,0.95,0.5
0.7,0.3,0,660,6,0.990909090909091,0.95,0.26666666666666666
0.7,0.7,0,660,6,0.990909090909091,0.95,0.1
0.7,0.0,1,660,6,0.990909090909091,0.95,0.5
0.7,0.3,1,181,7,0.9613259668508287,0.95,0.43333333333333335
0.7,0.7,1,148,7,0.9527027027027027,0.95,0.7
0.7,0.0,2,660,6,0.990909090909091,0.95,0.0
0.7,0.3,2,193,7,0.9637305699481865,0.95,0.1
0.7,0.7,2,145,7,0.9517241379310345,0.95,0.4666666666666667
