agent,seed,noise,trajectory_length,unique_states,TRR_within,TRR_across_episodes,CTRR
random,0,0.0,3430,47,0.9862973760932945,0.9387222946544981,0.6666666666666666
random,1,0.0,3238,47,0.9854848672019765,0.9342657342657342,0.6333333333333333
random,2,0.0,3462,47,0.9864240323512421,0.9355281207133059,0.4666666666666667
qlearn,0,0.0,229,15,0.9344978165938864,0.9305555555555556,0.03333333333333333
qlearn,1,0.0,286,13,0.9545454545454546,0.9523809523809523,0.0
qlearn,2,0.0,231,15,0.935064935064935,0.9315068493150684,0.0
greedy_q,0,0.0,210,7,0.9666666666666667,0.9666666666666667,0.0
greedy_q,1,0.0,210,7,0.9666666666666667,0.9666666666666667,0.0
greedy_q,2,0.0,210,7,0.9666666666666667,0.9666666666666667,0.0
random,0,0.3,3430,47,0.9862973760932945,0.9387222946544981,0.6666666666666666
random,1,0.3,3238,47,0.9854848672019765,0.9342657342657342,0.6333333333333333
random,2,0.3,3462,47,0.9864240323512421,0.9355281207133059,0.4666666666666667
qlearn,0,0.3,2766,22,0.9920462762111352,0.9358600583090378,1.0
qlearn,1,0.3,233,13,0.944206008583691,0.9398148148148148,1.0
qlearn,2,0.3,2309,28,0.9878735383282806,0.8918918918918919,0.9333333333333333
greedy_q,0,0.3,210,7,0.9666666666666667,0.9666666666666667,0.7
greedy_q,1,0.3,210,7,0.9666666666666667,0.9666666666666667,1.0
greedy_q,2,0.3,210,7,0.9666666666666667,0.9666666666666667,1.0
random,0,0.7,3430,47,0.9862973760932945,0.9387222946544981,0.6666666666666666
random,1,0.7,3238,47,0.9854848672019765,0.9342657342657342,0.6333333333333333
random,2,0.7,3462,47,0.9864240323512421,0.9355281207133059,0.4666666666666667
qlearn,0,0.7,5450,17,0.9968807339449541,0.8819444444444444,0.9666666666666667
qlearn,1,0.7,4883,18,0.9963137415523244,0.9440993788819876,0.6
qlearn,2,0.7,2279,26,0.9885914874945151,0.9212121212121213,1.0
greedy_q,0,0.7,6030,3,0.9995024875621891,0.9666666666666667,1.0
greedy_q,1,0.7,270,9,0.9666666666666667,0.9666666666666667,1.0
greedy_q,2,0.7,210,7,0.9666666666666667,0.9666666666666667,1.0
